{
    "Metro_zhvi_uc_sfrcondo_tier_0.33_0.67_sm_sa_month.csv": "ZHVI All Homes (SFR, Condo/Co-op) Time Series, Smoothed, Seasonally Adjusted($)",
    "Metro_zhvi_uc_sfrcondo_tier_0.33_0.67_month.csv": "ZHVI All Homes (SFR, Condo/Co-op) Time Series, Raw, Mid-Tier ($)",
    "Metro_zhvi_uc_sfrcondo_tier_0.67_1.0_sm_sa_month.csv": "ZHVI All Homes- Top Tier Time Series ($)",
    "Metro_zhvi_uc_sfrcondo_tier_0.0_0.33_sm_sa_month.csv": "ZHVI All Homes- Bottom Tier Time Series ($)",
    "Metro_zhvi_uc_sfr_tier_0.33_0.67_sm_sa_month.csv": "ZHVI Single-Family Homes Time Series ($)",
    "Metro_zhvi_uc_condo_tier_0.33_0.67_sm_sa_month.csv": "ZHVI Condo/Co-op Time Series ($)",
    "Metro_zhvi_bdrmcnt_1_uc_sfrcondo_tier_0.33_0.67_sm_sa_month.csv": "ZHVI 1-Bedroom Time Series ($)",
    "Metro_zhvi_bdrmcnt_2_uc_sfrcondo_tier_0.33_0.67_sm_sa_month.csv": "ZHVI 2-Bedroom Time Series ($)",
    "Metro_zhvi_bdrmcnt_3_uc_sfrcondo_tier_0.33_0.67_sm_sa_month.csv": "ZHVI 3-Bedroom Time Series ($)",
    "Metro_zhvi_bdrmcnt_4_uc_sfrcondo_tier_0.33_0.67_sm_sa_month.csv": "ZHVI 4-Bedroom Time Series ($)",
    "Metro_zhvi_bdrmcnt_5_uc_sfrcondo_tier_0.33_0.67_sm_sa_month.csv": "ZHVI 5+ Bedroom Time Series ($)"
}
